pass,client_id,t_start_utc,file,keyword,count,from_cache,server,latency_ms,source_file
1,2f2f9cd9daa1,2025-10-21T15:14:04.784844,grail,19Prince,0,False,152783cb49ee,6.175365000672173,latency-2f2f9cd9daa1.csv
1,2f2f9cd9daa1,2025-10-21T15:14:04.893799,shrek,SHREK,433,False,152783cb49ee,7.408858999951917,latency-2f2f9cd9daa1.csv
1,2f2f9cd9daa1,2025-10-21T15:14:05.004881,shrek,fair,2,False,152783cb49ee,7.060660000206553,latency-2f2f9cd9daa1.csv
1,2f2f9cd9daa1,2025-10-21T15:14:05.114769,shrek3,CHARMING,232,False,152783cb49ee,9.21648199982883,latency-2f2f9cd9daa1.csv
1,2f2f9cd9daa1,2025-10-21T15:14:05.227949,shrek,HOOD,13,False,152783cb49ee,8.190909000404645,latency-2f2f9cd9daa1.csv
1,2f2f9cd9daa1,2025-10-21T15:14:05.340493,shrek,DONKEY,320,False,152783cb49ee,14.10802399914246,latency-2f2f9cd9daa1.csv
1,2f2f9cd9daa1,2025-10-21T15:14:05.459005,shrek,GORDO,5,False,152783cb49ee,7.477928999833239,latency-2f2f9cd9daa1.csv
1,2f2f9cd9daa1,2025-10-21T15:14:05.570395,shrek,SHREK,433,True,152783cb49ee,3.604860999985249,latency-2f2f9cd9daa1.csv
1,2f2f9cd9daa1,2025-10-21T15:14:05.678061,grail,Gallahad,44,False,152783cb49ee,19.08262500001001,latency-2f2f9cd9daa1.csv
1,2f2f9cd9daa1,2025-10-21T15:14:05.801977,grail,toward,10,False,152783cb49ee,34.43507500014675,latency-2f2f9cd9daa1.csv
1,2f2f9cd9daa1,2025-10-21T15:14:05.959162,grail,(as,0,False,152783cb49ee,31.525039999905857,latency-2f2f9cd9daa1.csv
1,2f2f9cd9daa1,2025-10-21T15:14:06.123160,shrek3,reason,2,False,152783cb49ee,14.354065999214072,latency-2f2f9cd9daa1.csv
1,2f2f9cd9daa1,2025-10-21T15:14:06.265058,shrek,tale,7,True,152783cb49ee,4.011304999949061,latency-2f2f9cd9daa1.csv
1,2f2f9cd9daa1,2025-10-21T15:14:06.373238,shrek3,PRINCE,207,False,152783cb49ee,11.05983700017532,latency-2f2f9cd9daa1.csv
1,2f2f9cd9daa1,2025-10-21T15:14:06.488688,grail,is,317,True,152783cb49ee,2.918616999522783,latency-2f2f9cd9daa1.csv
1,2f2f9cd9daa1,2025-10-21T15:14:06.595278,shrek3,Im,1,False,152783cb49ee,26.17046399973333,latency-2f2f9cd9daa1.csv
1,2f2f9cd9daa1,2025-10-21T15:14:06.725482,shrek3,SHOUTING),0,False,152783cb49ee,18.454232000294724,latency-2f2f9cd9daa1.csv
1,2f2f9cd9daa1,2025-10-21T15:14:06.852240,grail,LTD,6,False,152783cb49ee,9.089160999792512,latency-2f2f9cd9daa1.csv
1,2f2f9cd9daa1,2025-10-21T15:14:06.968569,shrek3,-,110,True,152783cb49ee,4.822631999559235,latency-2f2f9cd9daa1.csv
1,2f2f9cd9daa1,2025-10-21T15:14:07.077809,shrek3,MERLIN,73,True,152783cb49ee,2.8609189994313056,latency-2f2f9cd9daa1.csv
2,2f2f9cd9daa1,2025-10-21T15:14:07.187803,grail,19Prince,0,True,152783cb49ee,2.865233000193257,latency-2f2f9cd9daa1.csv
2,2f2f9cd9daa1,2025-10-21T15:14:07.297834,shrek,SHREK,433,True,152783cb49ee,2.7336690000083763,latency-2f2f9cd9daa1.csv
2,2f2f9cd9daa1,2025-10-21T15:14:07.408974,shrek,fair,2,True,152783cb49ee,4.5846250004615285,latency-2f2f9cd9daa1.csv
2,2f2f9cd9daa1,2025-10-21T15:14:07.523982,shrek3,CHARMING,232,True,152783cb49ee,4.2921639997075545,latency-2f2f9cd9daa1.csv
2,2f2f9cd9daa1,2025-10-21T15:14:07.633470,shrek,HOOD,13,True,152783cb49ee,33.14239500014082,latency-2f2f9cd9daa1.csv
2,2f2f9cd9daa1,2025-10-21T15:14:07.787589,shrek,DONKEY,320,True,152783cb49ee,3.4149389994126977,latency-2f2f9cd9daa1.csv
2,2f2f9cd9daa1,2025-10-21T15:14:07.897934,shrek,GORDO,5,True,152783cb49ee,2.517501000511402,latency-2f2f9cd9daa1.csv
2,2f2f9cd9daa1,2025-10-21T15:14:08.003353,shrek,SHREK,433,True,152783cb49ee,2.230072999736876,latency-2f2f9cd9daa1.csv
2,2f2f9cd9daa1,2025-10-21T15:14:08.106876,grail,Gallahad,44,True,152783cb49ee,9.423239000170724,latency-2f2f9cd9daa1.csv
2,2f2f9cd9daa1,2025-10-21T15:14:08.221837,grail,toward,10,True,152783cb49ee,8.637218999865581,latency-2f2f9cd9daa1.csv
2,2f2f9cd9daa1,2025-10-21T15:14:08.336093,grail,(as,0,True,152783cb49ee,17.39578500018979,latency-2f2f9cd9daa1.csv
2,2f2f9cd9daa1,2025-10-21T15:14:08.469602,shrek3,reason,2,True,152783cb49ee,14.15055500001472,latency-2f2f9cd9daa1.csv
2,2f2f9cd9daa1,2025-10-21T15:14:08.597158,shrek,tale,7,True,152783cb49ee,2.7742869997382518,latency-2f2f9cd9daa1.csv
2,2f2f9cd9daa1,2025-10-21T15:14:08.707467,shrek3,PRINCE,207,True,152783cb49ee,2.27527100014413,latency-2f2f9cd9daa1.csv
2,2f2f9cd9daa1,2025-10-21T15:14:08.812548,grail,is,317,True,152783cb49ee,3.0926449999242323,latency-2f2f9cd9daa1.csv
2,2f2f9cd9daa1,2025-10-21T15:14:08.919219,shrek3,Im,1,True,152783cb49ee,2.5453680000282475,latency-2f2f9cd9daa1.csv
2,2f2f9cd9daa1,2025-10-21T15:14:09.024998,shrek3,SHOUTING),0,True,152783cb49ee,4.066661999786447,latency-2f2f9cd9daa1.csv
2,2f2f9cd9daa1,2025-10-21T15:14:09.133429,grail,LTD,6,True,152783cb49ee,3.7014049994468223,latency-2f2f9cd9daa1.csv
2,2f2f9cd9daa1,2025-10-21T15:14:09.242364,shrek3,-,110,True,152783cb49ee,4.075019000083557,latency-2f2f9cd9daa1.csv
2,2f2f9cd9daa1,2025-10-21T15:14:09.350847,shrek3,MERLIN,73,True,152783cb49ee,5.294968000271183,latency-2f2f9cd9daa1.csv
1,3fa537f189db,2025-10-21T15:14:04.524429,shrek3,ARTIE,213,False,152783cb49ee,7.300643000235141,latency-3fa537f189db.csv
1,3fa537f189db,2025-10-21T15:14:04.635124,grail,I,298,False,152783cb49ee,11.29603900062648,latency-3fa537f189db.csv
1,3fa537f189db,2025-10-21T15:14:04.749580,grail,I,298,True,152783cb49ee,2.4685860007593874,latency-3fa537f189db.csv
1,3fa537f189db,2025-10-21T15:14:04.855161,shrek3,DWARF,10,False,152783cb49ee,8.420152000326198,latency-3fa537f189db.csv
1,3fa537f189db,2025-10-21T15:14:04.966700,shrek,true,20,False,152783cb49ee,6.837894999989658,latency-3fa537f189db.csv
1,3fa537f189db,2025-10-21T15:14:05.076663,shrek,And,318,True,152783cb49ee,2.8621420005947584,latency-3fa537f189db.csv
1,3fa537f189db,2025-10-21T15:14:05.182812,shrek,ogre,27,False,152783cb49ee,9.216718999596196,latency-3fa537f189db.csv
1,3fa537f189db,2025-10-21T15:14:05.295907,grail,are,114,False,152783cb49ee,10.856713999601196,latency-3fa537f189db.csv
1,3fa537f189db,2025-10-21T15:14:05.411408,shrek,DONKEY,320,True,152783cb49ee,4.303448000428034,latency-3fa537f189db.csv
1,3fa537f189db,2025-10-21T15:14:05.519891,shrek,No,114,False,152783cb49ee,21.585637000498537,latency-3fa537f189db.csv
1,3fa537f189db,2025-10-21T15:14:05.646056,shrek,trip,1,False,152783cb49ee,23.89692800079501,latency-3fa537f189db.csv
1,3fa537f189db,2025-10-21T15:14:05.778953,shrek3,Hold,8,False,152783cb49ee,42.51850099990406,latency-3fa537f189db.csv
1,3fa537f189db,2025-10-21T15:14:05.957134,shrek,you,409,False,152783cb49ee,29.04586200020276,latency-3fa537f189db.csv
1,3fa537f189db,2025-10-21T15:14:06.102880,shrek,trip,1,True,152783cb49ee,4.7915969998939545,latency-3fa537f189db.csv
1,3fa537f189db,2025-10-21T15:14:06.211314,shrek3,PUSS,196,True,152783cb49ee,3.87512199995399,latency-3fa537f189db.csv
1,3fa537f189db,2025-10-21T15:14:06.319286,shrek,his,48,False,152783cb49ee,37.43870299967966,latency-3fa537f189db.csv
1,3fa537f189db,2025-10-21T15:14:06.460923,grail,king,136,False,152783cb49ee,21.813628999552748,latency-3fa537f189db.csv
1,3fa537f189db,2025-10-21T15:14:06.588164,grail,Footnote,4,False,152783cb49ee,20.1211189996684,latency-3fa537f189db.csv
1,3fa537f189db,2025-10-21T15:14:06.722163,shrek3,SNOW,49,False,152783cb49ee,11.6668929995285,latency-3fa537f189db.csv
1,3fa537f189db,2025-10-21T15:14:06.844769,shrek3,glass,9,False,152783cb49ee,7.856207999793696,latency-3fa537f189db.csv
2,3fa537f189db,2025-10-21T15:14:06.961389,shrek3,ARTIE,213,True,152783cb49ee,2.132833999894501,latency-3fa537f189db.csv
2,3fa537f189db,2025-10-21T15:14:07.066471,grail,I,298,True,152783cb49ee,2.3784000004525296,latency-3fa537f189db.csv
2,3fa537f189db,2025-10-21T15:14:07.171960,grail,I,298,True,152783cb49ee,2.5332989998787525,latency-3fa537f189db.csv
2,3fa537f189db,2025-10-21T15:14:07.277488,shrek3,DWARF,10,True,152783cb49ee,6.026224000379443,latency-3fa537f189db.csv
2,3fa537f189db,2025-10-21T15:14:07.386419,shrek,true,20,True,152783cb49ee,6.876035999994201,latency-3fa537f189db.csv
2,3fa537f189db,2025-10-21T15:14:07.496700,shrek,And,318,True,152783cb49ee,7.751424000161933,latency-3fa537f189db.csv
2,3fa537f189db,2025-10-21T15:14:07.619554,shrek,ogre,27,True,152783cb49ee,8.464097000796755,latency-3fa537f189db.csv
2,3fa537f189db,2025-10-21T15:14:07.761796,grail,are,114,True,152783cb49ee,4.0223350006272085,latency-3fa537f189db.csv
2,3fa537f189db,2025-10-21T15:14:07.873939,shrek,DONKEY,320,True,152783cb49ee,2.4192580003727926,latency-3fa537f189db.csv
2,3fa537f189db,2025-10-21T15:14:07.980169,shrek,No,114,True,152783cb49ee,2.537628000027325,latency-3fa537f189db.csv
2,3fa537f189db,2025-10-21T15:14:08.084071,shrek,trip,1,True,152783cb49ee,2.387657999861404,latency-3fa537f189db.csv
2,3fa537f189db,2025-10-21T15:14:08.189645,shrek3,Hold,8,True,152783cb49ee,2.3423550001098192,latency-3fa537f189db.csv
2,3fa537f189db,2025-10-21T15:14:08.295085,shrek,you,409,True,152783cb49ee,2.8364379995764466,latency-3fa537f189db.csv
2,3fa537f189db,2025-10-21T15:14:08.401018,shrek,trip,1,True,152783cb49ee,2.490036000381224,latency-3fa537f189db.csv
2,3fa537f189db,2025-10-21T15:14:08.506694,shrek3,PUSS,196,True,152783cb49ee,2.5691609998830245,latency-3fa537f189db.csv
2,3fa537f189db,2025-10-21T15:14:08.612679,shrek,his,48,True,152783cb49ee,5.082423000203562,latency-3fa537f189db.csv
2,3fa537f189db,2025-10-21T15:14:08.720689,grail,king,136,True,152783cb49ee,8.235330000388785,latency-3fa537f189db.csv
2,3fa537f189db,2025-10-21T15:14:08.832481,grail,Footnote,4,True,152783cb49ee,10.92292700013786,latency-3fa537f189db.csv
2,3fa537f189db,2025-10-21T15:14:08.951671,shrek3,SNOW,49,True,152783cb49ee,3.1459679994441103,latency-3fa537f189db.csv
2,3fa537f189db,2025-10-21T15:14:09.058264,shrek3,glass,9,True,152783cb49ee,3.371394999703625,latency-3fa537f189db.csv
1,72a17bfd49e7,2025-10-21T15:14:06.733139,shrek3,body),0,False,152783cb49ee,16.872119999788993,latency-72a17bfd49e7.csv
1,72a17bfd49e7,2025-10-21T15:14:06.853128,grail,TV,2,False,152783cb49ee,12.94218400016689,latency-72a17bfd49e7.csv
1,72a17bfd49e7,2025-10-21T15:14:06.969151,shrek,our,11,True,152783cb49ee,4.502763000346022,latency-72a17bfd49e7.csv
1,72a17bfd49e7,2025-10-21T15:14:07.077811,grail,from,94,False,152783cb49ee,7.592527000269911,latency-72a17bfd49e7.csv
1,72a17bfd49e7,2025-10-21T15:14:07.188426,shrek,FARQUAAD,84,False,152783cb49ee,6.730795000294165,latency-72a17bfd49e7.csv
1,72a17bfd49e7,2025-10-21T15:14:07.298220,shrek3,"Bay""",0,False,152783cb49ee,7.482422000066435,latency-72a17bfd49e7.csv
1,72a17bfd49e7,2025-10-21T15:14:07.409592,shrek,I,386,False,152783cb49ee,11.70597500004078,latency-72a17bfd49e7.csv
1,72a17bfd49e7,2025-10-21T15:14:07.525352,shrek,its,1,True,152783cb49ee,4.541999000139185,latency-72a17bfd49e7.csv
1,72a17bfd49e7,2025-10-21T15:14:07.635338,shrek,I,386,True,152783cb49ee,26.05937200041808,latency-72a17bfd49e7.csv
1,72a17bfd49e7,2025-10-21T15:14:07.774921,grail,the,1600,True,152783cb49ee,5.63801299995248,latency-72a17bfd49e7.csv
1,72a17bfd49e7,2025-10-21T15:14:07.884639,grail,time,33,True,152783cb49ee,2.6189469999735597,latency-72a17bfd49e7.csv
1,72a17bfd49e7,2025-10-21T15:14:07.990602,shrek,No,114,True,152783cb49ee,5.117380000228877,latency-72a17bfd49e7.csv
1,72a17bfd49e7,2025-10-21T15:14:08.098225,grail,Boom,4,True,152783cb49ee,13.707901999623571,latency-72a17bfd49e7.csv
1,72a17bfd49e7,2025-10-21T15:14:08.219392,shrek,after,10,True,152783cb49ee,8.282462999886775,latency-72a17bfd49e7.csv
1,72a17bfd49e7,2025-10-21T15:14:08.335122,shrek,(standing,0,True,152783cb49ee,19.551564000721555,latency-72a17bfd49e7.csv
1,72a17bfd49e7,2025-10-21T15:14:08.467467,shrek3,cues,3,False,152783cb49ee,8.480585999677714,latency-72a17bfd49e7.csv
1,72a17bfd49e7,2025-10-21T15:14:08.585552,shrek,who,29,True,152783cb49ee,2.535913999963668,latency-72a17bfd49e7.csv
1,72a17bfd49e7,2025-10-21T15:14:08.691235,grail,king,136,True,152783cb49ee,2.3058490005496424,latency-72a17bfd49e7.csv
1,72a17bfd49e7,2025-10-21T15:14:08.796273,grail,To,718,True,152783cb49ee,3.260690000388422,latency-72a17bfd49e7.csv
1,72a17bfd49e7,2025-10-21T15:14:08.904345,shrek,you,409,True,152783cb49ee,3.628070999184274,latency-72a17bfd49e7.csv
2,72a17bfd49e7,2025-10-21T15:14:09.013088,shrek3,body),0,True,152783cb49ee,3.33542399948783,latency-72a17bfd49e7.csv
2,72a17bfd49e7,2025-10-21T15:14:09.123425,grail,TV,2,True,152783cb49ee,3.867481000270345,latency-72a17bfd49e7.csv
2,72a17bfd49e7,2025-10-21T15:14:09.232341,shrek,our,11,True,152783cb49ee,3.5060860000157845,latency-72a17bfd49e7.csv
2,72a17bfd49e7,2025-10-21T15:14:09.340922,grail,from,94,True,152783cb49ee,3.832568000689207,latency-72a17bfd49e7.csv
2,72a17bfd49e7,2025-10-21T15:14:09.452112,shrek,FARQUAAD,84,True,152783cb49ee,2.7333369998814305,latency-72a17bfd49e7.csv
2,72a17bfd49e7,2025-10-21T15:14:09.558032,shrek3,"Bay""",0,True,152783cb49ee,2.752325000074052,latency-72a17bfd49e7.csv
2,72a17bfd49e7,2025-10-21T15:14:09.663885,shrek,I,386,True,152783cb49ee,4.345555000327295,latency-72a17bfd49e7.csv
2,72a17bfd49e7,2025-10-21T15:14:09.772847,shrek,its,1,True,152783cb49ee,2.29333500010398,latency-72a17bfd49e7.csv
2,72a17bfd49e7,2025-10-21T15:14:09.878042,shrek,I,386,True,152783cb49ee,2.750124999693071,latency-72a17bfd49e7.csv
2,72a17bfd49e7,2025-10-21T15:14:09.984469,grail,the,1600,True,152783cb49ee,4.472888999771385,latency-72a17bfd49e7.csv
2,72a17bfd49e7,2025-10-21T15:14:10.093208,grail,time,33,True,152783cb49ee,3.331445999720017,latency-72a17bfd49e7.csv
2,72a17bfd49e7,2025-10-21T15:14:10.199729,shrek,No,114,True,152783cb49ee,2.992418999383517,latency-72a17bfd49e7.csv
2,72a17bfd49e7,2025-10-21T15:14:10.306004,grail,Boom,4,True,152783cb49ee,2.352609999434208,latency-72a17bfd49e7.csv
2,72a17bfd49e7,2025-10-21T15:14:10.412438,shrek,after,10,True,152783cb49ee,2.691034000235959,latency-72a17bfd49e7.csv
2,72a17bfd49e7,2025-10-21T15:14:10.518176,shrek,(standing,0,True,152783cb49ee,2.216711000073701,latency-72a17bfd49e7.csv
2,72a17bfd49e7,2025-10-21T15:14:10.623390,shrek3,cues,3,True,152783cb49ee,3.506215999550477,latency-72a17bfd49e7.csv
2,72a17bfd49e7,2025-10-21T15:14:10.730409,shrek,who,29,True,152783cb49ee,3.003927000463591,latency-72a17bfd49e7.csv
2,72a17bfd49e7,2025-10-21T15:14:10.836360,grail,king,136,True,152783cb49ee,3.893287000209966,latency-72a17bfd49e7.csv
2,72a17bfd49e7,2025-10-21T15:14:10.944394,grail,To,718,True,152783cb49ee,2.302664000126242,latency-72a17bfd49e7.csv
2,72a17bfd49e7,2025-10-21T15:14:11.049690,shrek,you,409,True,152783cb49ee,2.439733999381133,latency-72a17bfd49e7.csv
1,72b8f3ec1824,2025-10-21T15:14:05.843334,shrek,afraid,8,False,152783cb49ee,23.630233999938355,latency-72b8f3ec1824.csv
1,72b8f3ec1824,2025-10-21T15:14:05.971658,shrek,INSIDE,16,False,152783cb49ee,50.995923000300536,latency-72b8f3ec1824.csv
1,72b8f3ec1824,2025-10-21T15:14:06.129634,shrek3,2,8,False,152783cb49ee,35.24164999998902,latency-72b8f3ec1824.csv
1,72b8f3ec1824,2025-10-21T15:14:06.278144,shrek3,him,87,False,152783cb49ee,18.25984100014466,latency-72b8f3ec1824.csv
1,72b8f3ec1824,2025-10-21T15:14:06.431051,shrek,SHREK,433,True,152783cb49ee,3.006717999596731,latency-72b8f3ec1824.csv
1,72b8f3ec1824,2025-10-21T15:14:06.537586,shrek,Is,132,False,152783cb49ee,8.386884000174177,latency-72b8f3ec1824.csv
1,72b8f3ec1824,2025-10-21T15:14:06.650040,shrek3,true,1,False,152783cb49ee,9.15133699982107,latency-72b8f3ec1824.csv
1,72b8f3ec1824,2025-10-21T15:14:06.763209,shrek,one,44,False,152783cb49ee,6.137895999927423,latency-72b8f3ec1824.csv
1,72b8f3ec1824,2025-10-21T15:14:06.872846,shrek3,MERLIN,73,False,152783cb49ee,8.038826999836601,latency-72b8f3ec1824.csv
1,72b8f3ec1824,2025-10-21T15:14:06.988195,shrek,FIONA,211,False,152783cb49ee,8.377599000596092,latency-72b8f3ec1824.csv
1,72b8f3ec1824,2025-10-21T15:14:07.100834,grail,To,718,True,152783cb49ee,2.766155000244908,latency-72b8f3ec1824.csv
1,72b8f3ec1824,2025-10-21T15:14:07.206829,shrek3,and,576,True,152783cb49ee,2.724948000832228,latency-72b8f3ec1824.csv
1,72b8f3ec1824,2025-10-21T15:14:07.316960,grail,and,722,False,152783cb49ee,10.89333300024009,latency-72b8f3ec1824.csv
1,72b8f3ec1824,2025-10-21T15:14:07.431030,shrek3,them,44,False,152783cb49ee,11.61669399971288,latency-72b8f3ec1824.csv
1,72b8f3ec1824,2025-10-21T15:14:07.546623,shrek3,body),0,True,152783cb49ee,4.814572000213957,latency-72b8f3ec1824.csv
1,72b8f3ec1824,2025-10-21T15:14:07.655804,shrek3,showing,1,False,152783cb49ee,28.98938199996337,latency-72b8f3ec1824.csv
1,72b8f3ec1824,2025-10-21T15:14:07.792295,grail,Michael,11,True,152783cb49ee,6.16892500056565,latency-72b8f3ec1824.csv
1,72b8f3ec1824,2025-10-21T15:14:07.903125,grail,Cleese,10,False,152783cb49ee,7.545837000179745,latency-72b8f3ec1824.csv
1,72b8f3ec1824,2025-10-21T15:14:08.014096,shrek,FIONA,211,True,152783cb49ee,2.9738349994659075,latency-72b8f3ec1824.csv
1,72b8f3ec1824,2025-10-21T15:14:08.118843,shrek3,his,238,False,152783cb49ee,11.117287000161014,latency-72b8f3ec1824.csv
2,72b8f3ec1824,2025-10-21T15:14:08.233305,shrek,afraid,8,True,152783cb49ee,5.397242999606533,latency-72b8f3ec1824.csv
2,72b8f3ec1824,2025-10-21T15:14:08.343101,shrek,INSIDE,16,True,152783cb49ee,21.75146699937613,latency-72b8f3ec1824.csv
2,72b8f3ec1824,2025-10-21T15:14:08.478673,shrek3,2,8,True,152783cb49ee,14.903118999427534,latency-72b8f3ec1824.csv
2,72b8f3ec1824,2025-10-21T15:14:08.601429,shrek3,him,87,True,152783cb49ee,7.568740000351681,latency-72b8f3ec1824.csv
2,72b8f3ec1824,2025-10-21T15:14:08.715005,shrek,SHREK,433,True,152783cb49ee,4.987477000213403,latency-72b8f3ec1824.csv
2,72b8f3ec1824,2025-10-21T15:14:08.826133,shrek,Is,132,True,152783cb49ee,5.015218999687932,latency-72b8f3ec1824.csv
2,72b8f3ec1824,2025-10-21T15:14:08.945822,shrek3,true,1,True,152783cb49ee,2.6528820008024923,latency-72b8f3ec1824.csv
2,72b8f3ec1824,2025-10-21T15:14:09.051504,shrek,one,44,True,152783cb49ee,3.001547000167193,latency-72b8f3ec1824.csv
2,72b8f3ec1824,2025-10-21T15:14:09.158352,shrek3,MERLIN,73,True,152783cb49ee,3.757647999918845,latency-72b8f3ec1824.csv
2,72b8f3ec1824,2025-10-21T15:14:09.266825,shrek,FIONA,211,True,152783cb49ee,3.915308000614459,latency-72b8f3ec1824.csv
2,72b8f3ec1824,2025-10-21T15:14:09.376091,grail,To,718,True,152783cb49ee,5.2082490001339465,latency-72b8f3ec1824.csv
2,72b8f3ec1824,2025-10-21T15:14:09.486502,shrek3,and,576,True,152783cb49ee,2.260475999719347,latency-72b8f3ec1824.csv
2,72b8f3ec1824,2025-10-21T15:14:09.591648,grail,and,722,True,152783cb49ee,2.4190290005208226,latency-72b8f3ec1824.csv
2,72b8f3ec1824,2025-10-21T15:14:09.697366,shrek3,them,44,True,152783cb49ee,3.5771619996012305,latency-72b8f3ec1824.csv
2,72b8f3ec1824,2025-10-21T15:14:09.806575,shrek3,body),0,True,152783cb49ee,3.5080580000794725,latency-72b8f3ec1824.csv
2,72b8f3ec1824,2025-10-21T15:14:09.913521,shrek3,showing,1,True,152783cb49ee,2.321979000043939,latency-72b8f3ec1824.csv
2,72b8f3ec1824,2025-10-21T15:14:10.018769,grail,Michael,11,True,152783cb49ee,3.239619000851235,latency-72b8f3ec1824.csv
2,72b8f3ec1824,2025-10-21T15:14:10.125701,grail,Cleese,10,True,152783cb49ee,2.6084249993800768,latency-72b8f3ec1824.csv
2,72b8f3ec1824,2025-10-21T15:14:10.231848,shrek,FIONA,211,True,152783cb49ee,2.4610150003354647,latency-72b8f3ec1824.csv
2,72b8f3ec1824,2025-10-21T15:14:10.337594,shrek3,his,238,True,152783cb49ee,2.479103999576182,latency-72b8f3ec1824.csv
1,9d4d143125cc,2025-10-21T15:14:05.020897,shrek3,-,110,False,152783cb49ee,7.888539000305172,latency-9d4d143125cc.csv
1,9d4d143125cc,2025-10-21T15:14:05.132251,shrek3,of,275,False,152783cb49ee,13.714244999391669,latency-9d4d143125cc.csv
1,9d4d143125cc,2025-10-21T15:14:05.250993,grail,dancing,10,False,152783cb49ee,8.231428000726737,latency-9d4d143125cc.csv
1,9d4d143125cc,2025-10-21T15:14:05.363002,grail,them,41,False,152783cb49ee,12.571958000080484,latency-9d4d143125cc.csv
1,9d4d143125cc,2025-10-21T15:14:05.481431,grail,on,139,False,152783cb49ee,9.433498000362306,latency-9d4d143125cc.csv
1,9d4d143125cc,2025-10-21T15:14:05.594770,shrek,our,11,False,152783cb49ee,7.65379699987534,latency-9d4d143125cc.csv
1,9d4d143125cc,2025-10-21T15:14:05.706174,shrek3,ARTIE,213,True,152783cb49ee,3.795638000156032,latency-9d4d143125cc.csv
1,9d4d143125cc,2025-10-21T15:14:05.814447,grail,pseudonym,1,False,152783cb49ee,45.81748700002208,latency-9d4d143125cc.csv
1,9d4d143125cc,2025-10-21T15:14:05.969881,grail,Guard,106,False,152783cb49ee,51.662902000316535,latency-9d4d143125cc.csv
1,9d4d143125cc,2025-10-21T15:14:06.128689,grail,BEDEVERE,103,False,152783cb49ee,33.59885000008944,latency-9d4d143125cc.csv
1,9d4d143125cc,2025-10-21T15:14:06.278145,shrek3,CAPTAIN,41,True,152783cb49ee,24.297377000038978,latency-9d4d143125cc.csv
1,9d4d143125cc,2025-10-21T15:14:06.440610,shrek,you,409,True,152783cb49ee,3.0807029997959035,latency-9d4d143125cc.csv
1,9d4d143125cc,2025-10-21T15:14:06.547538,grail,to,718,False,152783cb49ee,7.729670999651717,latency-9d4d143125cc.csv
1,9d4d143125cc,2025-10-21T15:14:06.658766,shrek,who,29,False,152783cb49ee,8.208750000449072,latency-9d4d143125cc.csv
1,9d4d143125cc,2025-10-21T15:14:06.769868,shrek3,PUSS,196,True,152783cb49ee,2.5791939997361624,latency-9d4d143125cc.csv
1,9d4d143125cc,2025-10-21T15:14:06.875297,shrek,swamp,18,False,152783cb49ee,11.496336999698542,latency-9d4d143125cc.csv
1,9d4d143125cc,2025-10-21T15:14:06.989741,shrek3,Hold,8,True,152783cb49ee,7.424640999488474,latency-9d4d143125cc.csv
1,9d4d143125cc,2025-10-21T15:14:07.101117,shrek,one,44,True,152783cb49ee,2.801061999889498,latency-9d4d143125cc.csv
1,9d4d143125cc,2025-10-21T15:14:07.207081,grail,going,21,False,152783cb49ee,7.278119000147853,latency-9d4d143125cc.csv
1,9d4d143125cc,2025-10-21T15:14:07.317397,shrek,But,73,False,152783cb49ee,10.659970000233445,latency-9d4d143125cc.csv
2,9d4d143125cc,2025-10-21T15:14:07.431148,shrek3,-,110,True,152783cb49ee,11.131643999760854,latency-9d4d143125cc.csv
2,9d4d143125cc,2025-10-21T15:14:07.546411,shrek3,of,275,True,152783cb49ee,4.157615000622172,latency-9d4d143125cc.csv
2,9d4d143125cc,2025-10-21T15:14:07.654687,grail,dancing,10,True,152783cb49ee,19.259818999671552,latency-9d4d143125cc.csv
2,9d4d143125cc,2025-10-21T15:14:07.792622,grail,them,41,True,152783cb49ee,6.218274000275414,latency-9d4d143125cc.csv
2,9d4d143125cc,2025-10-21T15:14:07.903682,grail,on,139,True,152783cb49ee,7.301958000425657,latency-9d4d143125cc.csv
2,9d4d143125cc,2025-10-21T15:14:08.014109,shrek,our,11,True,152783cb49ee,3.823044999990088,latency-9d4d143125cc.csv
2,9d4d143125cc,2025-10-21T15:14:08.119472,shrek3,ARTIE,213,True,152783cb49ee,10.038617999271082,latency-9d4d143125cc.csv
2,9d4d143125cc,2025-10-21T15:14:08.232964,grail,pseudonym,1,True,152783cb49ee,5.563177000112773,latency-9d4d143125cc.csv
2,9d4d143125cc,2025-10-21T15:14:08.343096,grail,Guard,106,True,152783cb49ee,18.855896000786743,latency-9d4d143125cc.csv
2,9d4d143125cc,2025-10-21T15:14:08.473572,grail,BEDEVERE,103,True,152783cb49ee,6.33866600037436,latency-9d4d143125cc.csv
2,9d4d143125cc,2025-10-21T15:14:08.591014,shrek3,CAPTAIN,41,True,152783cb49ee,2.2317390003081528,latency-9d4d143125cc.csv
2,9d4d143125cc,2025-10-21T15:14:08.695865,shrek,you,409,True,152783cb49ee,2.38456699935341,latency-9d4d143125cc.csv
2,9d4d143125cc,2025-10-21T15:14:08.801037,grail,to,718,True,152783cb49ee,3.808792000199901,latency-9d4d143125cc.csv
2,9d4d143125cc,2025-10-21T15:14:08.908759,shrek,who,29,True,152783cb49ee,3.866279000249051,latency-9d4d143125cc.csv
2,9d4d143125cc,2025-10-21T15:14:09.016495,shrek3,PUSS,196,True,152783cb49ee,4.180532000646053,latency-9d4d143125cc.csv
2,9d4d143125cc,2025-10-21T15:14:09.125585,shrek,swamp,18,True,152783cb49ee,5.698625999684737,latency-9d4d143125cc.csv
2,9d4d143125cc,2025-10-21T15:14:09.235802,shrek3,Hold,8,True,152783cb49ee,4.422134999913396,latency-9d4d143125cc.csv
2,9d4d143125cc,2025-10-21T15:14:09.344779,shrek,one,44,True,152783cb49ee,8.174755000254663,latency-9d4d143125cc.csv
2,9d4d143125cc,2025-10-21T15:14:09.459354,grail,going,21,True,152783cb49ee,2.4517609999747947,latency-9d4d143125cc.csv
2,9d4d143125cc,2025-10-21T15:14:09.565076,shrek,But,73,True,152783cb49ee,2.233787999102788,latency-9d4d143125cc.csv
1,a4b69cc3c7c7,2025-10-21T15:14:06.471875,grail,the,1600,True,152783cb49ee,13.62054299988813,latency-a4b69cc3c7c7.csv
1,a4b69cc3c7c7,2025-10-21T15:14:06.589649,grail,witch,30,True,152783cb49ee,19.21849900008965,latency-a4b69cc3c7c7.csv
1,a4b69cc3c7c7,2025-10-21T15:14:06.722167,shrek,you,409,True,152783cb49ee,3.2466829998156754,latency-a4b69cc3c7c7.csv
1,a4b69cc3c7c7,2025-10-21T15:14:06.836432,shrek,the,535,False,152783cb49ee,5.97784399997181,latency-a4b69cc3c7c7.csv
1,a4b69cc3c7c7,2025-10-21T15:14:06.945233,grail,the,1600,True,152783cb49ee,2.295047999723465,latency-a4b69cc3c7c7.csv
1,a4b69cc3c7c7,2025-10-21T15:14:07.050528,shrek3,DONKEY,243,True,152783cb49ee,2.962672000649036,latency-a4b69cc3c7c7.csv
1,a4b69cc3c7c7,2025-10-21T15:14:07.156624,shrek,Is,132,True,152783cb49ee,7.897767000031308,latency-a4b69cc3c7c7.csv
1,a4b69cc3c7c7,2025-10-21T15:14:07.268739,grail,singing,33,True,152783cb49ee,8.878222000021196,latency-a4b69cc3c7c7.csv
1,a4b69cc3c7c7,2025-10-21T15:14:07.384493,shrek3,CAPTAIN,41,True,152783cb49ee,6.176275000143505,latency-a4b69cc3c7c7.csv
1,a4b69cc3c7c7,2025-10-21T15:14:07.494979,shrek3,TO,511,False,152783cb49ee,19.02470299955894,latency-a4b69cc3c7c7.csv
1,a4b69cc3c7c7,2025-10-21T15:14:07.621175,shrek3,Hold,8,True,152783cb49ee,23.387057000036293,latency-a4b69cc3c7c7.csv
1,a4b69cc3c7c7,2025-10-21T15:14:07.765215,shrek3,PRINCE,207,True,152783cb49ee,7.218591000309971,latency-a4b69cc3c7c7.csv
1,a4b69cc3c7c7,2025-10-21T15:14:07.878322,grail,dancing,10,True,152783cb49ee,3.8537039999937406,latency-a4b69cc3c7c7.csv
1,a4b69cc3c7c7,2025-10-21T15:14:07.985315,shrek,DONKEY,320,True,152783cb49ee,7.027540000308363,latency-a4b69cc3c7c7.csv
1,a4b69cc3c7c7,2025-10-21T15:14:08.096679,grail,THREE-HEADED,8,False,152783cb49ee,13.614032000077714,latency-a4b69cc3c7c7.csv
1,a4b69cc3c7c7,2025-10-21T15:14:08.216381,shrek,on,88,False,152783cb49ee,6.632949999584525,latency-a4b69cc3c7c7.csv
1,a4b69cc3c7c7,2025-10-21T15:14:08.330716,shrek3,116,1,False,152783cb49ee,9.891161000268768,latency-a4b69cc3c7c7.csv
1,a4b69cc3c7c7,2025-10-21T15:14:08.456704,shrek3,and,576,True,152783cb49ee,2.393628999925568,latency-a4b69cc3c7c7.csv
1,a4b69cc3c7c7,2025-10-21T15:14:08.562524,shrek3,MERLIN,73,True,152783cb49ee,2.4901560000216705,latency-a4b69cc3c7c7.csv
1,a4b69cc3c7c7,2025-10-21T15:14:08.668555,shrek,CROWD,5,True,152783cb49ee,2.473149000252306,latency-a4b69cc3c7c7.csv
2,a4b69cc3c7c7,2025-10-21T15:14:08.775099,grail,the,1600,True,152783cb49ee,3.58467899968673,latency-a4b69cc3c7c7.csv
2,a4b69cc3c7c7,2025-10-21T15:14:08.883745,grail,witch,30,True,152783cb49ee,4.575357000248914,latency-a4b69cc3c7c7.csv
2,a4b69cc3c7c7,2025-10-21T15:14:08.992097,shrek,you,409,True,152783cb49ee,4.542358000435343,latency-a4b69cc3c7c7.csv
2,a4b69cc3c7c7,2025-10-21T15:14:09.101626,shrek,the,535,True,152783cb49ee,4.373275000034482,latency-a4b69cc3c7c7.csv
2,a4b69cc3c7c7,2025-10-21T15:14:09.210635,grail,the,1600,True,152783cb49ee,4.361261999292765,latency-a4b69cc3c7c7.csv
2,a4b69cc3c7c7,2025-10-21T15:14:09.319300,shrek3,DONKEY,243,True,152783cb49ee,2.945417999399069,latency-a4b69cc3c7c7.csv
2,a4b69cc3c7c7,2025-10-21T15:14:09.425995,shrek,Is,132,True,152783cb49ee,4.87040000007255,latency-a4b69cc3c7c7.csv
2,a4b69cc3c7c7,2025-10-21T15:14:09.535091,grail,singing,33,True,152783cb49ee,2.8213939995112014,latency-a4b69cc3c7c7.csv
2,a4b69cc3c7c7,2025-10-21T15:14:09.641295,shrek3,CAPTAIN,41,True,152783cb49ee,3.073656999731611,latency-a4b69cc3c7c7.csv
2,a4b69cc3c7c7,2025-10-21T15:14:09.748175,shrek3,TO,511,True,152783cb49ee,3.0951440003264,latency-a4b69cc3c7c7.csv
2,a4b69cc3c7c7,2025-10-21T15:14:09.854889,shrek3,Hold,8,True,152783cb49ee,4.448570999556978,latency-a4b69cc3c7c7.csv
2,a4b69cc3c7c7,2025-10-21T15:14:09.963262,shrek3,PRINCE,207,True,152783cb49ee,5.082368999865139,latency-a4b69cc3c7c7.csv
2,a4b69cc3c7c7,2025-10-21T15:14:10.072368,grail,dancing,10,True,152783cb49ee,3.807149999374815,latency-a4b69cc3c7c7.csv
2,a4b69cc3c7c7,2025-10-21T15:14:10.179752,shrek,DONKEY,320,True,152783cb49ee,3.488760999971418,latency-a4b69cc3c7c7.csv
2,a4b69cc3c7c7,2025-10-21T15:14:10.287331,grail,THREE-HEADED,8,True,152783cb49ee,3.135912000288954,latency-a4b69cc3c7c7.csv
2,a4b69cc3c7c7,2025-10-21T15:14:10.393625,shrek,on,88,True,152783cb49ee,5.828866999763704,latency-a4b69cc3c7c7.csv
2,a4b69cc3c7c7,2025-10-21T15:14:10.503768,shrek3,116,1,True,152783cb49ee,3.110173000095529,latency-a4b69cc3c7c7.csv
2,a4b69cc3c7c7,2025-10-21T15:14:10.610038,shrek3,and,576,True,152783cb49ee,3.256390999922587,latency-a4b69cc3c7c7.csv
2,a4b69cc3c7c7,2025-10-21T15:14:10.717062,shrek3,MERLIN,73,True,152783cb49ee,2.5975890002882807,latency-a4b69cc3c7c7.csv
2,a4b69cc3c7c7,2025-10-21T15:14:10.823096,shrek,CROWD,5,True,152783cb49ee,3.2652179997967323,latency-a4b69cc3c7c7.csv
1,b66217c1bd87,2025-10-21T15:14:04.244403,grail,is,317,False,152783cb49ee,14.359008000610627,latency-b66217c1bd87.csv
1,b66217c1bd87,2025-10-21T15:14:04.362000,grail,of,684,False,152783cb49ee,11.358818000189784,latency-b66217c1bd87.csv
1,b66217c1bd87,2025-10-21T15:14:04.477285,shrek3,boomerang,1,False,152783cb49ee,8.318913999573851,latency-b66217c1bd87.csv
1,b66217c1bd87,2025-10-21T15:14:04.588902,grail,Ecky-Ecky-Ecky,1,False,152783cb49ee,8.097522000753088,latency-b66217c1bd87.csv
1,b66217c1bd87,2025-10-21T15:14:04.700622,shrek,and,318,False,152783cb49ee,6.917291000718251,latency-b66217c1bd87.csv
1,b66217c1bd87,2025-10-21T15:14:04.810366,shrek,after,10,False,152783cb49ee,8.223147000535391,latency-b66217c1bd87.csv
1,b66217c1bd87,2025-10-21T15:14:04.922012,shrek3,decree,1,False,152783cb49ee,6.999835999522475,latency-b66217c1bd87.csv
1,b66217c1bd87,2025-10-21T15:14:05.031933,shrek,baby,3,False,152783cb49ee,6.364988000314042,latency-b66217c1bd87.csv
1,b66217c1bd87,2025-10-21T15:14:05.141621,shrek3,Final,119,False,152783cb49ee,16.91914699949848,latency-b66217c1bd87.csv
1,b66217c1bd87,2025-10-21T15:14:05.262453,shrek,tale,7,False,152783cb49ee,10.544794000452384,latency-b66217c1bd87.csv
1,b66217c1bd87,2025-10-21T15:14:05.383310,shrek,its,1,False,152783cb49ee,15.043237000099907,latency-b66217c1bd87.csv
1,b66217c1bd87,2025-10-21T15:14:05.511030,shrek3,CAPTAIN,41,False,152783cb49ee,14.651411999693664,latency-b66217c1bd87.csv
1,b66217c1bd87,2025-10-21T15:14:05.642771,shrek3,wont,0,False,152783cb49ee,15.938359000756464,latency-b66217c1bd87.csv
1,b66217c1bd87,2025-10-21T15:14:05.774128,shrek3,PUSS,196,False,152783cb49ee,24.888929000553617,latency-b66217c1bd87.csv
1,b66217c1bd87,2025-10-21T15:14:05.940483,shrek,a,305,False,152783cb49ee,23.41631499984942,latency-b66217c1bd87.csv
1,b66217c1bd87,2025-10-21T15:14:06.087998,shrek,(standing,0,False,152783cb49ee,9.025678999933008,latency-b66217c1bd87.csv
1,b66217c1bd87,2025-10-21T15:14:06.201070,shrek3,RAPUNZEL,30,False,152783cb49ee,9.09255300030054,latency-b66217c1bd87.csv
1,b66217c1bd87,2025-10-21T15:14:06.314619,shrek,Shrek,433,True,152783cb49ee,31.39436800029216,latency-b66217c1bd87.csv
1,b66217c1bd87,2025-10-21T15:14:06.459772,shrek,transport,1,False,152783cb49ee,21.288891999574844,latency-b66217c1bd87.csv
1,b66217c1bd87,2025-10-21T15:14:06.588375,shrek,SHREK,433,True,152783cb49ee,10.694782999962626,latency-b66217c1bd87.csv
2,b66217c1bd87,2025-10-21T15:14:06.712627,grail,is,317,True,152783cb49ee,5.638227000417828,latency-b66217c1bd87.csv
2,b66217c1bd87,2025-10-21T15:14:06.821260,grail,of,684,True,152783cb49ee,6.322965000435943,latency-b66217c1bd87.csv
2,b66217c1bd87,2025-10-21T15:14:06.930572,shrek3,boomerang,1,True,152783cb49ee,3.1762349999553408,latency-b66217c1bd87.csv
2,b66217c1bd87,2025-10-21T15:14:07.041329,grail,Ecky-Ecky-Ecky,1,True,152783cb49ee,3.0298740002763225,latency-b66217c1bd87.csv
2,b66217c1bd87,2025-10-21T15:14:07.152225,shrek,and,318,True,152783cb49ee,5.5384759998560185,latency-b66217c1bd87.csv
2,b66217c1bd87,2025-10-21T15:14:07.267039,shrek,after,10,True,152783cb49ee,3.867223999804992,latency-b66217c1bd87.csv
2,b66217c1bd87,2025-10-21T15:14:07.381400,shrek3,decree,1,True,152783cb49ee,2.408131999800389,latency-b66217c1bd87.csv
2,b66217c1bd87,2025-10-21T15:14:07.490360,shrek,baby,3,True,152783cb49ee,3.6536229999910574,latency-b66217c1bd87.csv
2,b66217c1bd87,2025-10-21T15:14:07.602554,shrek3,Final,119,True,152783cb49ee,4.249546000210103,latency-b66217c1bd87.csv
2,b66217c1bd87,2025-10-21T15:14:07.711131,shrek,tale,7,True,152783cb49ee,3.6051369997949214,latency-b66217c1bd87.csv
2,b66217c1bd87,2025-10-21T15:14:07.819337,shrek,its,1,True,152783cb49ee,9.058997000465752,latency-b66217c1bd87.csv
2,b66217c1bd87,2025-10-21T15:14:07.932508,shrek3,CAPTAIN,41,True,152783cb49ee,2.675146000001405,latency-b66217c1bd87.csv
2,b66217c1bd87,2025-10-21T15:14:08.038352,shrek3,wont,0,True,152783cb49ee,2.859831000023405,latency-b66217c1bd87.csv
2,b66217c1bd87,2025-10-21T15:14:08.142744,shrek3,PUSS,196,True,152783cb49ee,3.288394000264816,latency-b66217c1bd87.csv
2,b66217c1bd87,2025-10-21T15:14:08.249136,shrek,a,305,True,152783cb49ee,5.024468000556226,latency-b66217c1bd87.csv
2,b66217c1bd87,2025-10-21T15:14:08.357398,shrek,(standing,0,True,152783cb49ee,16.267809000055422,latency-b66217c1bd87.csv
2,b66217c1bd87,2025-10-21T15:14:08.480361,shrek3,RAPUNZEL,30,True,152783cb49ee,13.401821000115888,latency-b66217c1bd87.csv
2,b66217c1bd87,2025-10-21T15:14:08.600711,shrek,Shrek,433,True,152783cb49ee,7.082901999638125,latency-b66217c1bd87.csv
2,b66217c1bd87,2025-10-21T15:14:08.715962,shrek,transport,1,True,152783cb49ee,5.430856999737443,latency-b66217c1bd87.csv
2,b66217c1bd87,2025-10-21T15:14:08.828544,shrek,SHREK,433,True,152783cb49ee,10.29573000050732,latency-b66217c1bd87.csv
1,d3c8a820e3ee,2025-10-21T15:14:05.558161,shrek3,and,576,False,152783cb49ee,10.045370999250736,latency-d3c8a820e3ee.csv
1,d3c8a820e3ee,2025-10-21T15:14:05.672690,grail,the,1600,False,152783cb49ee,16.305549000207975,latency-d3c8a820e3ee.csv
1,d3c8a820e3ee,2025-10-21T15:14:05.799776,grail,the,1600,True,152783cb49ee,40.30117499951302,latency-d3c8a820e3ee.csv
1,d3c8a820e3ee,2025-10-21T15:14:05.960755,shrek,Blah,1,False,152783cb49ee,48.842645999684464,latency-d3c8a820e3ee.csv
1,d3c8a820e3ee,2025-10-21T15:14:06.127397,shrek3,Ahh,8,False,152783cb49ee,38.1051699996533,latency-d3c8a820e3ee.csv
1,d3c8a820e3ee,2025-10-21T15:14:06.280434,shrek3,field,3,False,152783cb49ee,32.89177100032248,latency-d3c8a820e3ee.csv
1,d3c8a820e3ee,2025-10-21T15:14:06.447050,shrek,FIONA'S,3,False,152783cb49ee,9.026626000377291,latency-d3c8a820e3ee.csv
1,d3c8a820e3ee,2025-10-21T15:14:06.564709,shrek3,us,12,False,152783cb49ee,15.517064000050595,latency-d3c8a820e3ee.csv
1,d3c8a820e3ee,2025-10-21T15:14:06.692006,shrek,CROWD,5,False,152783cb49ee,5.867712000508618,latency-d3c8a820e3ee.csv
1,d3c8a820e3ee,2025-10-21T15:14:06.800904,shrek3,body),0,True,152783cb49ee,2.378409999437281,latency-d3c8a820e3ee.csv
1,d3c8a820e3ee,2025-10-21T15:14:06.906194,grail,LTD,6,True,152783cb49ee,2.690866000193637,latency-d3c8a820e3ee.csv
1,d3c8a820e3ee,2025-10-21T15:14:07.011967,grail,Launcelot,107,False,152783cb49ee,6.949419999727979,latency-d3c8a820e3ee.csv
1,d3c8a820e3ee,2025-10-21T15:14:07.121991,shrek3,toward,14,False,152783cb49ee,8.46814299984544,latency-d3c8a820e3ee.csv
1,d3c8a820e3ee,2025-10-21T15:14:07.234324,shrek3,RAPUNZEL,30,True,152783cb49ee,6.805985000028159,latency-d3c8a820e3ee.csv
1,d3c8a820e3ee,2025-10-21T15:14:07.344816,grail,pause,10,False,152783cb49ee,10.945575000732788,latency-d3c8a820e3ee.csv
1,d3c8a820e3ee,2025-10-21T15:14:07.459356,shrek,and,318,True,152783cb49ee,5.156424000233528,latency-d3c8a820e3ee.csv
1,d3c8a820e3ee,2025-10-21T15:14:07.568415,shrek3,get,39,False,152783cb49ee,27.79548699982115,latency-d3c8a820e3ee.csv
1,d3c8a820e3ee,2025-10-21T15:14:07.700863,shrek,What,104,True,152783cb49ee,4.863961999944877,latency-d3c8a820e3ee.csv
1,d3c8a820e3ee,2025-10-21T15:14:07.810099,grail,seek,12,False,152783cb49ee,12.139829999796348,latency-d3c8a820e3ee.csv
1,d3c8a820e3ee,2025-10-21T15:14:07.927477,shrek3,CHARMING,232,True,152783cb49ee,2.801646000079927,latency-d3c8a820e3ee.csv
2,d3c8a820e3ee,2025-10-21T15:14:08.033513,shrek3,and,576,True,152783cb49ee,2.6896119998127688,latency-d3c8a820e3ee.csv
2,d3c8a820e3ee,2025-10-21T15:14:08.138219,grail,the,1600,True,152783cb49ee,2.716705999773694,latency-d3c8a820e3ee.csv
2,d3c8a820e3ee,2025-10-21T15:14:08.244473,grail,the,1600,True,152783cb49ee,3.637972999968042,latency-d3c8a820e3ee.csv
2,d3c8a820e3ee,2025-10-21T15:14:08.353152,shrek,Blah,1,True,152783cb49ee,15.688595999563404,latency-d3c8a820e3ee.csv
2,d3c8a820e3ee,2025-10-21T15:14:08.478669,shrek3,Ahh,8,True,152783cb49ee,9.197276000122656,latency-d3c8a820e3ee.csv
2,d3c8a820e3ee,2025-10-21T15:14:08.598610,shrek3,field,3,True,152783cb49ee,3.2512260004295968,latency-d3c8a820e3ee.csv
2,d3c8a820e3ee,2025-10-21T15:14:08.713375,shrek,FIONA'S,3,True,152783cb49ee,2.9737029999523656,latency-d3c8a820e3ee.csv
2,d3c8a820e3ee,2025-10-21T15:14:08.822698,shrek3,us,12,True,152783cb49ee,3.6830079998253495,latency-d3c8a820e3ee.csv
2,d3c8a820e3ee,2025-10-21T15:14:08.933786,shrek,CROWD,5,True,152783cb49ee,2.7361719994587475,latency-d3c8a820e3ee.csv
2,d3c8a820e3ee,2025-10-21T15:14:09.039622,shrek3,body),0,True,152783cb49ee,3.325173999655817,latency-d3c8a820e3ee.csv
2,d3c8a820e3ee,2025-10-21T15:14:09.147253,grail,LTD,6,True,152783cb49ee,3.6139129997536656,latency-d3c8a820e3ee.csv
2,d3c8a820e3ee,2025-10-21T15:14:09.254516,grail,Launcelot,107,True,152783cb49ee,3.535109000040393,latency-d3c8a820e3ee.csv
2,d3c8a820e3ee,2025-10-21T15:14:09.362647,shrek3,toward,14,True,152783cb49ee,4.1920049998225295,latency-d3c8a820e3ee.csv
2,d3c8a820e3ee,2025-10-21T15:14:09.471316,shrek3,RAPUNZEL,30,True,152783cb49ee,2.5114780000876635,latency-d3c8a820e3ee.csv
2,d3c8a820e3ee,2025-10-21T15:14:09.576761,grail,pause,10,True,152783cb49ee,3.0904910008757724,latency-d3c8a820e3ee.csv
2,d3c8a820e3ee,2025-10-21T15:14:09.683016,shrek,and,318,True,152783cb49ee,3.3779779996621078,latency-d3c8a820e3ee.csv
2,d3c8a820e3ee,2025-10-21T15:14:09.790294,shrek3,get,39,True,152783cb49ee,2.8120400002080714,latency-d3c8a820e3ee.csv
2,d3c8a820e3ee,2025-10-21T15:14:09.896698,shrek,What,104,True,152783cb49ee,2.479103000041505,latency-d3c8a820e3ee.csv
2,d3c8a820e3ee,2025-10-21T15:14:10.002292,grail,seek,12,True,152783cb49ee,3.966919000049529,latency-d3c8a820e3ee.csv
2,d3c8a820e3ee,2025-10-21T15:14:10.110086,shrek3,CHARMING,232,True,152783cb49ee,2.7110149994769017,latency-d3c8a820e3ee.csv
1,e4bdf9d4a0c3,2025-10-21T15:14:06.146573,grail,upon,13,False,152783cb49ee,29.61081700050272,latency-e4bdf9d4a0c3.csv
1,e4bdf9d4a0c3,2025-10-21T15:14:06.291621,grail,time,33,False,152783cb49ee,45.01022800013743,latency-e4bdf9d4a0c3.csv
1,e4bdf9d4a0c3,2025-10-21T15:14:06.456182,shrek,his,48,True,152783cb49ee,4.541774999779591,latency-e4bdf9d4a0c3.csv
1,e4bdf9d4a0c3,2025-10-21T15:14:06.584164,shrek,you,409,True,152783cb49ee,13.225742999566137,latency-e4bdf9d4a0c3.csv
1,e4bdf9d4a0c3,2025-10-21T15:14:06.709613,grail,"collective,",0,False,152783cb49ee,6.973981999180978,latency-e4bdf9d4a0c3.csv
1,e4bdf9d4a0c3,2025-10-21T15:14:06.820136,grail,Michael,11,False,152783cb49ee,7.028052000350726,latency-e4bdf9d4a0c3.csv
1,e4bdf9d4a0c3,2025-10-21T15:14:06.930571,shrek,don't,72,False,152783cb49ee,7.526607999352564,latency-e4bdf9d4a0c3.csv
1,e4bdf9d4a0c3,2025-10-21T15:14:07.041427,grail,LANCELOT,59,False,152783cb49ee,7.878946000346332,latency-e4bdf9d4a0c3.csv
1,e4bdf9d4a0c3,2025-10-21T15:14:07.153679,grail,Eolio,2,False,152783cb49ee,9.553378000418888,latency-e4bdf9d4a0c3.csv
1,e4bdf9d4a0c3,2025-10-21T15:14:07.268308,grail,Cleveland,3,False,152783cb49ee,9.04655999966053,latency-e4bdf9d4a0c3.csv
1,e4bdf9d4a0c3,2025-10-21T15:14:07.383573,shrek,his,48,True,152783cb49ee,4.834729999856791,latency-e4bdf9d4a0c3.csv
1,e4bdf9d4a0c3,2025-10-21T15:14:07.494119,shrek3,body),0,True,152783cb49ee,10.93990999925154,latency-e4bdf9d4a0c3.csv
1,e4bdf9d4a0c3,2025-10-21T15:14:07.619957,shrek,stairs,7,False,152783cb49ee,27.766825999606223,latency-e4bdf9d4a0c3.csv
1,e4bdf9d4a0c3,2025-10-21T15:14:07.763854,grail,the,1600,True,152783cb49ee,6.704618999719969,latency-e4bdf9d4a0c3.csv
1,e4bdf9d4a0c3,2025-10-21T15:14:07.878056,shrek,our,11,True,152783cb49ee,3.680183999676956,latency-e4bdf9d4a0c3.csv
1,e4bdf9d4a0c3,2025-10-21T15:14:07.985020,shrek,to,268,False,152783cb49ee,7.789616999616555,latency-e4bdf9d4a0c3.csv
1,e4bdf9d4a0c3,2025-10-21T15:14:08.095894,grail,rows,1,False,152783cb49ee,13.493293999999878,latency-e4bdf9d4a0c3.csv
1,e4bdf9d4a0c3,2025-10-21T15:14:08.218794,grail,is,317,True,152783cb49ee,9.534335000353169,latency-e4bdf9d4a0c3.csv
1,e4bdf9d4a0c3,2025-10-21T15:14:08.334856,shrek,field,4,False,152783cb49ee,17.319577999842295,latency-e4bdf9d4a0c3.csv
1,e4bdf9d4a0c3,2025-10-21T15:14:08.460928,grail,the,1600,True,152783cb49ee,2.5473269997746684,latency-e4bdf9d4a0c3.csv
2,e4bdf9d4a0c3,2025-10-21T15:14:08.566451,grail,upon,13,True,152783cb49ee,2.721935999943525,latency-e4bdf9d4a0c3.csv
2,e4bdf9d4a0c3,2025-10-21T15:14:08.671870,grail,time,33,True,152783cb49ee,3.0326470005093142,latency-e4bdf9d4a0c3.csv
2,e4bdf9d4a0c3,2025-10-21T15:14:08.777940,shrek,his,48,True,152783cb49ee,3.8591160000578384,latency-e4bdf9d4a0c3.csv
2,e4bdf9d4a0c3,2025-10-21T15:14:08.885767,shrek,you,409,True,152783cb49ee,3.878514999996696,latency-e4bdf9d4a0c3.csv
2,e4bdf9d4a0c3,2025-10-21T15:14:08.993209,grail,"collective,",0,True,152783cb49ee,4.1334360003020265,latency-e4bdf9d4a0c3.csv
2,e4bdf9d4a0c3,2025-10-21T15:14:09.101696,grail,Michael,11,True,152783cb49ee,4.928520999783359,latency-e4bdf9d4a0c3.csv
2,e4bdf9d4a0c3,2025-10-21T15:14:09.210742,shrek,don't,72,True,152783cb49ee,5.20853000034549,latency-e4bdf9d4a0c3.csv
2,e4bdf9d4a0c3,2025-10-21T15:14:09.319769,grail,LANCELOT,59,True,152783cb49ee,2.80302400005894,latency-e4bdf9d4a0c3.csv
2,e4bdf9d4a0c3,2025-10-21T15:14:09.426087,grail,Eolio,2,True,152783cb49ee,4.88773399956699,latency-e4bdf9d4a0c3.csv
2,e4bdf9d4a0c3,2025-10-21T15:14:09.535092,grail,Cleveland,3,True,152783cb49ee,3.1590670005243737,latency-e4bdf9d4a0c3.csv
2,e4bdf9d4a0c3,2025-10-21T15:14:09.641298,shrek,his,48,True,152783cb49ee,3.44583900005091,latency-e4bdf9d4a0c3.csv
2,e4bdf9d4a0c3,2025-10-21T15:14:09.748171,shrek3,body),0,True,152783cb49ee,3.468005999820889,latency-e4bdf9d4a0c3.csv
2,e4bdf9d4a0c3,2025-10-21T15:14:09.854883,shrek,stairs,7,True,152783cb49ee,4.537454999990587,latency-e4bdf9d4a0c3.csv
2,e4bdf9d4a0c3,2025-10-21T15:14:09.963262,grail,the,1600,True,152783cb49ee,4.840550999688276,latency-e4bdf9d4a0c3.csv
2,e4bdf9d4a0c3,2025-10-21T15:14:10.072384,shrek,our,11,True,152783cb49ee,3.410291999898618,latency-e4bdf9d4a0c3.csv
2,e4bdf9d4a0c3,2025-10-21T15:14:10.179484,shrek,to,268,True,152783cb49ee,3.594441999666742,latency-e4bdf9d4a0c3.csv
2,e4bdf9d4a0c3,2025-10-21T15:14:10.287330,grail,rows,1,True,152783cb49ee,2.741710000009334,latency-e4bdf9d4a0c3.csv
2,e4bdf9d4a0c3,2025-10-21T15:14:10.393279,grail,is,317,True,152783cb49ee,5.578052000601019,latency-e4bdf9d4a0c3.csv
2,e4bdf9d4a0c3,2025-10-21T15:14:10.502912,shrek,field,4,True,152783cb49ee,3.03346800046711,latency-e4bdf9d4a0c3.csv
2,e4bdf9d4a0c3,2025-10-21T15:14:10.609351,grail,the,1600,True,152783cb49ee,3.858687000501959,latency-e4bdf9d4a0c3.csv
1,ff762fdd932e,2025-10-21T15:14:05.266338,grail,Auuuuuuuugh,2,False,152783cb49ee,16.20778699998482,latency-ff762fdd932e.csv
1,ff762fdd932e,2025-10-21T15:14:05.386505,grail,Boom,4,False,152783cb49ee,23.22729800016532,latency-ff762fdd932e.csv
1,ff762fdd932e,2025-10-21T15:14:05.515700,shrek,token,1,False,152783cb49ee,23.94868899955327,latency-ff762fdd932e.csv
1,ff762fdd932e,2025-10-21T15:14:05.645104,shrek3,of,275,True,152783cb49ee,15.616273999512488,latency-ff762fdd932e.csv
1,ff762fdd932e,2025-10-21T15:14:05.775913,grail,witch,30,False,152783cb49ee,24.87216699955752,latency-ff762fdd932e.csv
1,ff762fdd932e,2025-10-21T15:14:05.937573,grail,pretty,7,False,152783cb49ee,12.983863000044948,latency-ff762fdd932e.csv
1,ff762fdd932e,2025-10-21T15:14:06.067558,grail,Auuuuuuuugh,2,True,152783cb49ee,3.530793000209087,latency-ff762fdd932e.csv
1,ff762fdd932e,2025-10-21T15:14:06.174951,shrek3,at,134,False,152783cb49ee,16.911912000068696,latency-ff762fdd932e.csv
1,ff762fdd932e,2025-10-21T15:14:06.295758,shrek3,Donkey,243,False,152783cb49ee,36.745657000210485,latency-ff762fdd932e.csv
1,ff762fdd932e,2025-10-21T15:14:06.456642,shrek,SHREK,433,True,152783cb49ee,6.748440000592382,latency-ff762fdd932e.csv
1,ff762fdd932e,2025-10-21T15:14:06.575967,grail,few,8,False,152783cb49ee,14.50873900012084,latency-ff762fdd932e.csv
1,ff762fdd932e,2025-10-21T15:14:06.700767,shrek3,reason,2,True,152783cb49ee,2.166148000469548,latency-ff762fdd932e.csv
1,ff762fdd932e,2025-10-21T15:14:06.805516,shrek3,dat,1,False,152783cb49ee,7.381835999694886,latency-ff762fdd932e.csv
1,ff762fdd932e,2025-10-21T15:14:06.915718,shrek,one,44,True,152783cb49ee,2.590789999885601,latency-ff762fdd932e.csv
1,ff762fdd932e,2025-10-21T15:14:07.021122,shrek,SHREK,433,True,152783cb49ee,2.177683999434521,latency-ff762fdd932e.csv
1,ff762fdd932e,2025-10-21T15:14:07.126381,grail,Footnote,4,True,152783cb49ee,5.5041979994712165,latency-ff762fdd932e.csv
1,ff762fdd932e,2025-10-21T15:14:07.235174,grail,singing,33,False,152783cb49ee,6.356073999995715,latency-ff762fdd932e.csv
1,ff762fdd932e,2025-10-21T15:14:07.344782,shrek,What,104,False,152783cb49ee,11.194150999472186,latency-ff762fdd932e.csv
1,ff762fdd932e,2025-10-21T15:14:07.459301,grail,singing,33,True,152783cb49ee,5.0555779998830985,latency-ff762fdd932e.csv
1,ff762fdd932e,2025-10-21T15:14:07.568358,shrek3,WHITE,45,False,152783cb49ee,26.37540999967314,latency-ff762fdd932e.csv
2,ff762fdd932e,2025-10-21T15:14:07.700592,grail,Auuuuuuuugh,2,True,152783cb49ee,4.23157099976379,latency-ff762fdd932e.csv
2,ff762fdd932e,2025-10-21T15:14:07.809645,grail,Boom,4,True,152783cb49ee,3.90096099999937,latency-ff762fdd932e.csv
2,ff762fdd932e,2025-10-21T15:14:07.926258,shrek,token,1,True,152783cb49ee,3.0762020005568047,latency-ff762fdd932e.csv
2,ff762fdd932e,2025-10-21T15:14:08.032835,shrek3,of,275,True,152783cb49ee,3.06228900080896,latency-ff762fdd932e.csv
2,ff762fdd932e,2025-10-21T15:14:08.137753,grail,witch,30,True,152783cb49ee,3.2596479995845584,latency-ff762fdd932e.csv
2,ff762fdd932e,2025-10-21T15:14:08.245474,grail,pretty,7,True,152783cb49ee,4.53497100079403,latency-ff762fdd932e.csv
2,ff762fdd932e,2025-10-21T15:14:08.355414,grail,Auuuuuuuugh,2,True,152783cb49ee,13.81301000037638,latency-ff762fdd932e.csv
2,ff762fdd932e,2025-10-21T15:14:08.477194,shrek3,at,134,True,152783cb49ee,12.704740000117454,latency-ff762fdd932e.csv
2,ff762fdd932e,2025-10-21T15:14:08.600837,shrek3,Donkey,243,True,152783cb49ee,9.891210999739997,latency-ff762fdd932e.csv
2,ff762fdd932e,2025-10-21T15:14:08.717739,shrek,SHREK,433,True,152783cb49ee,9.770111999387154,latency-ff762fdd932e.csv
2,ff762fdd932e,2025-10-21T15:14:08.832674,grail,few,8,True,152783cb49ee,13.369538000006289,latency-ff762fdd932e.csv
2,ff762fdd932e,2025-10-21T15:14:08.950980,shrek3,reason,2,True,152783cb49ee,3.184592000252451,latency-ff762fdd932e.csv
2,ff762fdd932e,2025-10-21T15:14:09.057433,shrek3,dat,1,True,152783cb49ee,2.947943999970448,latency-ff762fdd932e.csv
2,ff762fdd932e,2025-10-21T15:14:09.164229,shrek,one,44,True,152783cb49ee,4.206460999739647,latency-ff762fdd932e.csv
2,ff762fdd932e,2025-10-21T15:14:09.272385,shrek,SHREK,433,True,152783cb49ee,4.5766949997414486,latency-ff762fdd932e.csv
2,ff762fdd932e,2025-10-21T15:14:09.382024,grail,Footnote,4,True,152783cb49ee,5.556443999921612,latency-ff762fdd932e.csv
2,ff762fdd932e,2025-10-21T15:14:09.493416,grail,singing,33,True,152783cb49ee,2.5394870008312864,latency-ff762fdd932e.csv
2,ff762fdd932e,2025-10-21T15:14:09.599150,shrek,What,104,True,152783cb49ee,2.8962950000277488,latency-ff762fdd932e.csv
2,ff762fdd932e,2025-10-21T15:14:09.705330,grail,singing,33,True,152783cb49ee,3.525864000039292,latency-ff762fdd932e.csv
2,ff762fdd932e,2025-10-21T15:14:09.814811,shrek3,WHITE,45,True,152783cb49ee,3.0725990000064485,latency-ff762fdd932e.csv
