t_start_utc,file,keyword,count,from_cache,server,latency_ms
2025-10-21T21:45:21.575643,shrek3,WHITE,45,False,57fefb7e7021,34.37464499802445
2025-10-21T21:45:22.122315,shrek,What,104,False,3b5622ea6070,23.115602998586837
2025-10-21T21:45:22.655216,grail,music,21,False,f29441e0e0be,23.496238001825986
2025-10-21T21:45:23.188247,grail,To,718,False,57fefb7e7021,16.33166700048605
2025-10-21T21:45:23.715998,shrek,ogre,27,False,3b5622ea6070,12.109200000850251
2025-10-21T21:45:24.237853,shrek,I,386,False,f29441e0e0be,10.237542999675497
2025-10-21T21:45:24.756484,shrek3,time,23,False,57fefb7e7021,14.04229900072096
2025-10-21T21:45:25.281370,grail,Rostmm,1,False,3b5622ea6070,15.16609200189123
2025-10-21T21:45:25.808378,shrek,FIONA,211,False,f29441e0e0be,15.503425998758757
2025-10-21T21:45:26.334535,grail,are,114,False,57fefb7e7021,23.725091999949655
2025-10-21T21:45:26.883785,shrek,its,1,False,3b5622ea6070,20.00077299817349
2025-10-21T21:45:27.414186,shrek,FIONA,211,True,f29441e0e0be,8.322631001647096
2025-10-21T21:45:27.935697,shrek3,dat,1,False,57fefb7e7021,16.232719000981888
2025-10-21T21:45:28.462762,shrek3,CAPTAIN,41,False,3b5622ea6070,16.857930000696797
2025-10-21T21:45:28.990172,shrek,HOOD,13,False,f29441e0e0be,15.09632599845645
2025-10-21T21:45:29.516381,shrek3,Hold,8,False,57fefb7e7021,19.40103699962492
2025-10-21T21:45:30.047985,shrek3,Gingerbread,37,False,3b5622ea6070,17.95687600315432
2025-10-21T21:45:30.577084,grail,Get,47,False,f29441e0e0be,15.935651001200313
2025-10-21T21:45:31.102347,shrek,He,118,False,57fefb7e7021,29.860238999390276
2025-10-21T21:45:31.660259,shrek3,SCHOOL,14,False,3b5622ea6070,18.063453000650043
2025-10-21T21:45:32.188024,grail,thus,5,False,f29441e0e0be,17.094102000555722
2025-10-21T21:45:32.716675,grail,of,684,False,57fefb7e7021,17.200831996888155
2025-10-21T21:45:33.244535,grail,54,2,False,3b5622ea6070,21.439124997414183
2025-10-21T21:45:33.777357,grail,3,18,False,f29441e0e0be,16.763553998316638
2025-10-21T21:45:34.305791,grail,"Oh,",2,False,57fefb7e7021,17.27924700026051
2025-10-21T21:45:34.833256,grail,Auuuuuuuugh,2,False,3b5622ea6070,14.811868000833783
2025-10-21T21:45:35.359527,shrek,SHREK,433,False,f29441e0e0be,15.629576999344863
2025-10-21T21:45:35.886586,grail,dancing,10,False,57fefb7e7021,17.294531000516145
2025-10-21T21:45:36.416115,grail,elected,2,False,3b5622ea6070,15.743520998512395
2025-10-21T21:45:36.943023,shrek,number,8,False,f29441e0e0be,14.888735000567976
2025-10-21T21:45:37.468695,grail,singing,33,False,57fefb7e7021,15.514079001150094
2025-10-21T21:45:37.995358,grail,is,317,False,3b5622ea6070,16.831257002195343
2025-10-21T21:45:38.524187,grail,the,1600,False,f29441e0e0be,15.50796499941498
2025-10-21T21:45:39.052071,shrek3,did,14,False,57fefb7e7021,17.751491999661084
2025-10-21T21:45:39.581725,grail,To,718,True,3b5622ea6070,8.293091999803437
2025-10-21T21:45:40.101444,shrek3,of,275,False,f29441e0e0be,16.964910002570832
2025-10-21T21:45:40.629015,grail,a,666,False,57fefb7e7021,15.561877000436652
2025-10-21T21:45:41.155148,shrek,But,73,False,3b5622ea6070,30.193579998012865
2025-10-21T21:45:41.703570,shrek3,ho,8,False,f29441e0e0be,18.520328998420155
2025-10-21T21:45:42.233342,grail,GALAHAD,87,False,57fefb7e7021,15.439651000633603
2025-10-21T21:45:42.759097,shrek,the,535,False,3b5622ea6070,15.064621999044903
2025-10-21T21:45:43.284865,shrek3,Im,1,False,f29441e0e0be,18.068209999910323
2025-10-21T21:45:43.813564,grail,3,18,True,57fefb7e7021,10.93025500085787
2025-10-21T21:45:44.334129,shrek3,field,3,False,3b5622ea6070,18.07686400206876
2025-10-21T21:45:44.863562,shrek3,glass,9,False,f29441e0e0be,18.93403599751764
2025-10-21T21:45:45.393073,shrek3,Ahh,8,False,57fefb7e7021,18.87552100015455
2025-10-21T21:45:45.923036,shrek3,SCHOOL,14,True,3b5622ea6070,8.764977999817347
2025-10-21T21:45:46.441952,shrek3,showing,1,False,f29441e0e0be,21.217774999968242
2025-10-21T21:45:46.973575,shrek,token,1,False,57fefb7e7021,16.031733001000248
2025-10-21T21:45:47.504832,shrek3,field,3,True,3b5622ea6070,9.492508001130773
2025-10-21T21:45:48.026346,shrek3,fall,6,False,f29441e0e0be,18.918298999778926
2025-10-21T21:45:48.556075,shrek3,"Bay""",0,False,57fefb7e7021,19.085018000623677
2025-10-21T21:45:49.085544,grail,about,49,False,3b5622ea6070,16.469139001856092
2025-10-21T21:45:49.612527,shrek3,SHREK,678,False,f29441e0e0be,18.675720999453915
2025-10-21T21:45:50.142584,grail,Cleveland,3,False,57fefb7e7021,17.665965999185573
2025-10-21T21:45:50.670716,shrek3,"Suddenly,",0,False,3b5622ea6070,19.394223996641813
2025-10-21T21:45:51.201598,shrek,the,535,True,f29441e0e0be,10.061149998364272
2025-10-21T21:45:51.733200,grail,To,718,True,57fefb7e7021,8.97792199975811
2025-10-21T21:45:52.252763,shrek3,WHITE,45,True,3b5622ea6070,8.777899001870537
2025-10-21T21:45:52.771825,shrek3,Cinderella,21,False,f29441e0e0be,19.980206998297945
2025-10-21T21:45:53.301473,shrek3,"Bay""",0,True,3b5622ea6070,2592.8779620007845
2025-10-21T21:45:56.401840,shrek3,decree,1,False,f29441e0e0be,23.599754997121636
2025-10-21T21:45:56.937568,grail,-,259,False,3b5622ea6070,18.651491998753045
2025-10-21T21:45:57.466887,shrek3,-,110,False,f29441e0e0be,18.250794000778114
2025-10-21T21:45:57.995316,shrek3,SHREK,678,True,3b5622ea6070,7.724905000941362
2025-10-21T21:45:58.513721,grail,3,18,True,f29441e0e0be,8.620878001238452
2025-10-21T21:45:59.033422,shrek,What,104,True,3b5622ea6070,7.841294998797821
2025-10-21T21:45:59.551930,grail,“I,0,False,f29441e0e0be,16.197883000131696
2025-10-21T21:46:00.077915,grail,the,1600,True,3b5622ea6070,8.87904200135381
2025-10-21T21:46:00.598769,shrek3,CHARMING,232,False,f29441e0e0be,19.332918000145582
2025-10-21T21:46:01.128531,shrek,stairs,7,False,3b5622ea6070,30.897302000084892
2025-10-21T21:46:01.670923,shrek3,"meet""",0,False,f29441e0e0be,23.059602001012536
2025-10-21T21:46:02.203912,grail,chops,3,False,3b5622ea6070,18.08909800092806
2025-10-21T21:46:02.733955,shrek3,still,18,False,f29441e0e0be,19.362476999958744
2025-10-21T21:46:03.265348,grail,Rostmm,1,True,3b5622ea6070,8.738541000639088
2025-10-21T21:46:03.784476,grail,-,259,True,f29441e0e0be,9.313588998338673
2025-10-21T21:46:04.304400,shrek3,its,1,False,3b5622ea6070,19.459819999610772
2025-10-21T21:46:04.834597,shrek,DONKEY,320,False,f29441e0e0be,15.878608002822148
2025-10-21T21:46:05.361753,shrek3,and,576,False,3b5622ea6070,17.819134001911152
2025-10-21T21:46:05.890050,grail,to,718,True,f29441e0e0be,8.735523002542323
2025-10-21T21:46:06.409720,grail,feel,11,False,3b5622ea6070,15.729203998489538
2025-10-21T21:46:06.936155,shrek3,ARTIE,213,False,f29441e0e0be,16.526797000551596
2025-10-21T21:46:07.463297,shrek3,get,39,False,3b5622ea6070,18.184100001235493
2025-10-21T21:46:07.994094,shrek,lay,2,False,f29441e0e0be,14.147076002700487
2025-10-21T21:46:08.519530,shrek,he,118,True,3b5622ea6070,11.934410998946987
2025-10-21T21:46:09.043380,shrek,one,44,False,f29441e0e0be,14.41690800129436
2025-10-21T21:46:09.569975,shrek,Is,132,False,3b5622ea6070,14.711609997902997
2025-10-21T21:46:10.097179,shrek,whistles,2,False,f29441e0e0be,14.757566998014227
2025-10-21T21:46:10.622891,shrek,FIONA'S,3,False,3b5622ea6070,15.720976000011433
2025-10-21T21:46:11.150687,shrek3,ARTIE,213,True,f29441e0e0be,10.396472000138601
2025-10-21T21:46:11.680254,shrek3,youre,0,False,3b5622ea6070,17.517068998131435
2025-10-21T21:46:12.208230,grail,thus,5,True,f29441e0e0be,8.922148001147434
2025-10-21T21:46:12.728161,grail,door,14,False,3b5622ea6070,17.160478000732837
2025-10-21T21:46:13.257992,shrek3,his,238,False,f29441e0e0be,18.097354000929045
2025-10-21T21:46:13.787532,grail,at,104,False,3b5622ea6070,18.011839001701446
2025-10-21T21:46:14.316081,grail,seek,12,False,f29441e0e0be,17.25162100046873
2025-10-21T21:46:14.846070,grail,the,1600,True,3b5622ea6070,9.691487000964116
2025-10-21T21:46:15.367742,shrek3,DONKEY,243,False,f29441e0e0be,19.091449001280125
2025-10-21T21:46:15.898062,shrek,Nobody,4,False,3b5622ea6070,16.05005500096013
2025-10-21T21:46:16.425026,shrek,afraid,8,False,f29441e0e0be,15.506802999880165
2025-10-21T21:46:16.951365,shrek3,OGRE,39,False,3b5622ea6070,19.977605999883963
2025-10-21T21:46:17.482264,shrek3,Third,121,False,f29441e0e0be,18.855297999834875
2025-10-21T21:46:18.012261,grail,G,6,False,3b5622ea6070,17.984851998335216
2025-10-21T21:46:18.541273,shrek3,"meet""",0,True,f29441e0e0be,8.576357002311852
2025-10-21T21:46:19.061969,grail,THREE-HEADED,8,False,3b5622ea6070,18.212489998404635
2025-10-21T21:46:19.591377,grail,grabbing,5,False,f29441e0e0be,16.1366159991303
2025-10-21T21:46:20.118667,grail,the,1600,True,3b5622ea6070,8.361764001165284
2025-10-21T21:46:20.638171,grail,pretty,7,False,f29441e0e0be,16.68998199966154
2025-10-21T21:46:21.168315,shrek3,his,238,True,3b5622ea6070,14.140384999336675
2025-10-21T21:46:21.701828,shrek3,SCHOOL,14,True,f29441e0e0be,8.263244002591819
2025-10-21T21:46:22.220017,shrek,SHREK,433,True,3b5622ea6070,10.090062001836486
2025-10-21T21:46:22.739960,grail,Michael,11,False,f29441e0e0be,16.07028499711305
2025-10-21T21:46:23.266456,grail,pseudonym,1,False,f29441e0e0be,2580.3939520010317
2025-10-21T21:46:26.355341,grail,the,1600,True,f29441e0e0be,7.101254999724915
2025-10-21T21:46:26.872263,shrek,Nobody,4,True,f29441e0e0be,8.010092999029439
2025-10-21T21:46:27.390054,grail,it,279,False,f29441e0e0be,15.519558000960387
2025-10-21T21:46:27.916322,shrek,He,118,True,f29441e0e0be,8.761318000324536
2025-10-21T21:46:28.435544,shrek,"Well,",0,False,f29441e0e0be,15.630006000719732
2025-10-21T21:46:28.962258,grail,cross,13,False,f29441e0e0be,15.695124999183463
2025-10-21T21:46:29.488565,shrek,DONKEY,320,True,f29441e0e0be,10.077508999529528
2025-10-21T21:46:30.010269,grail,elected,2,True,f29441e0e0be,8.831862000079127
2025-10-21T21:46:30.529574,shrek3,and,576,True,f29441e0e0be,8.41437000053702
2025-10-21T21:46:31.048140,shrek3,the,1285,False,f29441e0e0be,40.723074998822995
2025-10-21T21:46:31.600897,shrek3,Shrek,678,True,f29441e0e0be,9.270481998100877
2025-10-21T21:46:32.121789,shrek,MAN,38,False,f29441e0e0be,14.210168999852613
2025-10-21T21:46:32.649306,shrek3,showing,1,True,f29441e0e0be,8.555109998269472
2025-10-21T21:46:33.169497,grail,TV,2,False,f29441e0e0be,18.55185499880463
2025-10-21T21:46:33.697205,shrek3,flaming,2,False,f29441e0e0be,17.138475999672664
2025-10-21T21:46:34.224847,shrek,his,48,False,f29441e0e0be,14.825342001131503
2025-10-21T21:46:34.750606,shrek,"Ha,",0,False,f29441e0e0be,13.898934001190355
2025-10-21T21:46:35.275195,grail,of,684,True,f29441e0e0be,12.146797998866532
2025-10-21T21:46:35.803652,shrek3,cosmic,1,False,f29441e0e0be,18.44286000050488
2025-10-21T21:46:36.332562,shrek,field,4,False,f29441e0e0be,14.812797999184113
2025-10-21T21:46:36.857532,shrek3,CHARMING,232,True,f29441e0e0be,7.968532001541462
2025-10-21T21:46:37.375793,shrek,swamp,18,False,f29441e0e0be,16.681607001373777
2025-10-21T21:46:37.901786,shrek,to,268,False,f29441e0e0be,15.134300996578531
2025-10-21T21:46:38.427481,grail,thus,5,True,f29441e0e0be,9.057883002242306
2025-10-21T21:46:38.947421,grail,G,6,True,f29441e0e0be,8.27648500126088
2025-10-21T21:46:39.465753,shrek3,Cinderella,21,True,f29441e0e0be,8.284560997708468
2025-10-21T21:46:39.984708,grail,Christ,8,False,f29441e0e0be,15.127429000131087
2025-10-21T21:46:40.511892,grail,I,298,False,f29441e0e0be,16.403395999077475
2025-10-21T21:46:41.039506,shrek3,youre,0,True,f29441e0e0be,9.76143099978799
2025-10-21T21:46:41.560483,shrek3,still,18,True,f29441e0e0be,9.570285001245793
2025-10-21T21:46:42.081109,shrek3,its,1,True,f29441e0e0be,8.69780900029582
2025-10-21T21:46:42.600424,shrek,help,5,False,f29441e0e0be,15.414916000736412
2025-10-21T21:46:43.125552,shrek,field,4,True,f29441e0e0be,8.081776999460999
2025-10-21T21:46:43.643632,shrek3,WHITE,45,True,f29441e0e0be,8.61330500265467
2025-10-21T21:46:44.163771,grail,is,317,True,f29441e0e0be,9.62477099892567
2025-10-21T21:46:44.683790,shrek3,RAPUNZEL,30,False,f29441e0e0be,19.52301900018938
2025-10-21T21:46:45.213554,shrek,who,29,False,f29441e0e0be,15.394205998745747
2025-10-21T21:46:45.739683,grail,"Peng,",0,False,f29441e0e0be,14.935076000256231
2025-10-21T21:46:46.265359,grail,I,298,True,f29441e0e0be,8.466516999760643
2025-10-21T21:46:46.785796,shrek3,what,82,False,f29441e0e0be,24.563519000366796
2025-10-21T21:46:47.320295,shrek3,Donkey,243,True,f29441e0e0be,8.541356000932865
2025-10-21T21:46:47.839088,grail,Auuuuuuuugh,2,True,f29441e0e0be,7.523023999965517
2025-10-21T21:46:48.357734,grail,lost,6,False,f29441e0e0be,15.10480499928235
2025-10-21T21:46:48.883466,shrek3,"Bay""",0,True,f29441e0e0be,10.766621002403554
2025-10-21T21:46:49.415357,shrek3,reason,2,False,f29441e0e0be,21.31649800139712
2025-10-21T21:46:49.947134,shrek,But,73,True,f29441e0e0be,8.290949001093395
2025-10-21T21:46:50.465666,grail,the,1600,True,f29441e0e0be,11.351375997037394
2025-10-21T21:46:50.987838,shrek3,the,1285,True,3b5622ea6070,54.546987998037366
2025-10-21T21:46:51.601413,shrek3,PRINCE,207,False,f29441e0e0be,17.158914997708052
2025-10-21T21:46:52.129483,shrek,after,10,False,57fefb7e7021,24.912291999498848
2025-10-21T21:46:52.664736,shrek3,decree,1,True,3b5622ea6070,8.062087999860523
2025-10-21T21:46:53.183527,grail,time,33,False,f29441e0e0be,15.651722998882178
2025-10-21T21:46:53.709415,shrek3,TO,511,False,57fefb7e7021,17.008337999868672
2025-10-21T21:46:54.234190,shrek3,to,511,True,3b5622ea6070,8.404282001720276
2025-10-21T21:46:54.753351,shrek3,us,12,False,f29441e0e0be,17.45367499825079
2025-10-21T21:46:55.281088,shrek3,its,1,True,57fefb7e7021,8.242381001764443
2025-10-21T21:46:55.799284,grail,Who’s,3,False,3b5622ea6070,15.294445998733863
2025-10-21T21:46:56.325817,grail,the,1600,True,f29441e0e0be,8.620226999482838
2025-10-21T21:46:56.845335,shrek,its,1,True,57fefb7e7021,8.70702699830872
2025-10-21T21:46:57.364963,grail,elected,2,True,3b5622ea6070,8.523794000211637
2025-10-21T21:46:57.884391,grail,pseudonym,1,True,f29441e0e0be,8.007633998204255
2025-10-21T21:46:58.403539,grail,Aaaaugh,9,False,57fefb7e7021,15.140752999286633
2025-10-21T21:46:58.930422,grail,seek,12,True,3b5622ea6070,7.94443099948694
2025-10-21T21:46:59.449803,shrek3,its,1,True,f29441e0e0be,8.671907999087125
2025-10-21T21:46:59.970349,shrek3,ho,8,True,57fefb7e7021,7.836188000510447
2025-10-21T21:47:00.490339,shrek3,Third,121,True,3b5622ea6070,8.487789000355406
2025-10-21T21:47:01.010572,shrek,SHREK,433,True,f29441e0e0be,9.484373000304913
2025-10-21T21:47:01.541721,grail,toward,10,False,57fefb7e7021,19.40398100123275
2025-10-21T21:47:02.074058,shrek,I,386,True,3b5622ea6070,8.135088999551954
2025-10-21T21:47:02.592127,grail,LTD,6,False,f29441e0e0be,15.795647999766516
2025-10-21T21:47:03.119631,shrek3,DWARF,10,False,57fefb7e7021,17.242267000256106
2025-10-21T21:47:03.647283,grail,is,317,True,3b5622ea6070,10.270811002556002
2025-10-21T21:47:04.177702,grail,king,136,False,f29441e0e0be,15.327840999816544
2025-10-21T21:47:04.704143,grail,it,279,True,57fefb7e7021,9.513034001429332
2025-10-21T21:47:05.224492,shrek3,Arg,1,False,3b5622ea6070,17.16551199933747
2025-10-21T21:47:05.751453,grail,Footnote,4,False,f29441e0e0be,14.382273999217432
2025-10-21T21:47:06.276083,grail,upon,13,False,57fefb7e7021,14.921580001100665
2025-10-21T21:47:06.801859,grail,Who’s,3,True,3b5622ea6070,8.24170199848595
2025-10-21T21:47:07.321108,shrek3,Final,119,False,f29441e0e0be,17.256823000934673
2025-10-21T21:47:07.848709,grail,pause,10,False,57fefb7e7021,15.16110100055812
2025-10-21T21:47:08.374848,shrek,DONKEY,320,True,3b5622ea6070,8.611399000074016
2025-10-21T21:47:08.893465,shrek3,boomerang,1,False,f29441e0e0be,21.289690001140116
2025-10-21T21:47:09.426025,shrek3,an,51,False,57fefb7e7021,16.75388899820973
2025-10-21T21:47:09.953979,shrek3,ho,8,True,3b5622ea6070,8.07106600041152
2025-10-21T21:47:10.472026,shrek,GUARD,25,False,f29441e0e0be,14.320886999485083
2025-10-21T21:47:10.997012,shrek3,Be,71,False,57fefb7e7021,29.877882003347622
2025-10-21T21:47:11.543427,shrek,DONKEY,320,True,3b5622ea6070,8.530600000085542
2025-10-21T21:47:12.064949,grail,to,718,True,f29441e0e0be,9.005028998217313
2025-10-21T21:47:12.583540,grail,the,1600,True,57fefb7e7021,9.956149002391612
2025-10-21T21:47:13.103119,shrek3,did,14,True,3b5622ea6070,6.489278999652015
2025-10-21T21:47:13.621554,shrek,baby,3,False,f29441e0e0be,14.429808001295896
2025-10-21T21:47:14.145959,grail,Cleveland,3,True,57fefb7e7021,8.892796999134589
2025-10-21T21:47:14.665731,grail,sell,1,False,3b5622ea6070,17.893872998683946
2025-10-21T21:47:15.194503,grail,lost,6,True,f29441e0e0be,8.109247999527724
2025-10-21T21:47:15.713238,shrek,Shrek,433,True,57fefb7e7021,8.344491998286685
2025-10-21T21:47:16.231875,shrek3,2,8,False,3b5622ea6070,16.466000000946224
2025-10-21T21:47:16.759214,shrek,FIONA'S,3,True,f29441e0e0be,9.49285499882535
2025-10-21T21:47:17.279158,shrek3,of,275,True,57fefb7e7021,9.295081999880495
2025-10-21T21:47:17.797702,shrek,SHREK,433,True,3b5622ea6070,9.120938000705792
2025-10-21T21:47:18.321232,grail,rows,1,False,f29441e0e0be,18.62830599930021
2025-10-21T21:47:18.850038,shrek3,time,23,True,57fefb7e7021,8.946428999479394
2025-10-21T21:47:19.370180,shrek3,us,12,True,3b5622ea6070,8.116139000776457
2025-10-21T21:47:19.888939,shrek,ogre,27,True,f29441e0e0be,11.55009399735718
2025-10-21T21:47:20.410675,grail,upon,13,True,57fefb7e7021,7.751912999083288
2025-10-21T21:47:20.928452,grail,To,718,True,3b5622ea6070,31.49267300250358
2025-10-21T21:47:21.512382,shrek3,supposed,11,False,f29441e0e0be,19.184430999303004
2025-10-21T21:47:22.043037,grail,Cleveland,3,True,57fefb7e7021,8.159878001606558
2025-10-21T21:47:22.560991,grail,are,114,False,3b5622ea6070,18.043195002974244
